resource_id,chunk_index,command_index,payload_size,option_count,option_0,option_1,option_2,option_3,option_4,option_5,option_6,option_7
scrpack.010.0202,10,202,20,2,Yes,No,,,,,,
scrpack.010.0291,10,291,20,2,Yes,No,,,,,,
scrpack.010.0379,10,379,20,2,Yes,No,,,,,,
scrpack.010.0473,10,473,20,2,Yes,No,,,,,,
scrpack.010.0561,10,561,20,2,Yes,No,,,,,,
scrpack.010.0591,10,591,76,4,Mini Tournament,Super Tournament,Hyper Tournament,Don't Enter,,,,
scrpack.010.0609,10,609,16,1,Leave,,,,,,,
scrpack.010.0646,10,646,20,2,Yes,No,,,,,,
scrpack.010.0691,10,691,20,2,Yes,No,,,,,,
scrpack.010.0713,10,713,16,1,Leave,,,,,,,
scrpack.026.0131,26,131,24,2,Enter,Go Back,,,,,,
scrpack.027.0130,27,130,84,5,Shop,Battle Arena,Bolshack Plaza,Ultimate Canyon,Teleportation Grounds,,,
scrpack.027.0133,27,133,104,6,Shop,Battle Arena,Bolshack Plaza,Jamirak Fortress,Ultimate Canyon,Teleportation Grounds,,
scrpack.027.0189,27,189,104,6,Shop,Battle Arena,Giant's Club Plaza,Outskirts,Center of the World,Teleportation Grounds,,
scrpack.027.0245,27,245,92,5,Shop,Battle Arena,Holy Amethyst Plaza,Palace of Light,Teleportation Grounds,,,
scrpack.027.0295,27,295,80,5,Shop,Battle Arena,Plaza-P03,Back Alley-B11,Teleportation Grounds,,,
scrpack.027.0298,27,298,104,6,Shop,Battle Arena,Plaza-P03,Back Alley-B11,Research Facility-X01,Teleportation Grounds,,
scrpack.027.0357,27,357,116,5,Shop,Battle Arena,Plaza of Nothingness and Illusion,Wasteland of Death and Fate,Teleportation Grounds,,,
scrpack.027.0360,27,360,132,6,Shop,Battle Arena,Plaza of Nothingness and Illusion,Wasteland of Death and Fate,Megaria's Manor,Teleportation Grounds,,
scrpack.027.0363,27,363,140,7,Shop,Battle Arena,Plaza of Nothingness and Illusion,Wasteland of Death and Fate,Megaria's Manor,Cave,Teleportation Grounds,
scrpack.029.0439,29,439,20,2,Yes,No,,,,,,
scrpack.029.0666,29,666,20,2,Yes,No,,,,,,
scrpack.031.1229,31,1229,20,2,Yes,No,,,,,,
scrpack.032.0149,32,149,36,4,Info,Buy,Research,Leave,,,,
scrpack.032.0322,32,322,36,3,Free Duel,AI Mode,Back,,,,,
scrpack.032.0635,32,635,40,3,AI Deck Build,AI Battle,Back,,,,,
scrpack.032.0998,32,998,32,2,Duel,Talk to Dr. Root,,,,,,
scrpack.032.1025,32,1025,32,2,Duel,Talk to Dr. Root,,,,,,
scrpack.032.1117,32,1117,20,2,Yes,No,,,,,,
scrpack.032.1397,32,1397,36,4,Info,Buy,Research,Leave,,,,
scrpack.033.0004,33,4,56,5,Shobu,Hakuoh,Kokujo,Mimi,Extreme Bucketman,,,
scrpack.034.0004,34,4,20,2,Yes,No,,,,,,
scrpack.039.0119,39,119,40,2,Master Version2,Debug Version,,,,,,
scrpack.039.0393,39,393,116,8,Intro,Light Continent,Water Continent,Nature Continent,Darkness Continent,Final Scenario,Other,BACK
scrpack.039.0396,39,396,96,5,Water Civilization Liberated,Rescue Yu Fua,Great Teacher,Final Boss Defeated,BACK,,,
scrpack.039.0403,39,403,116,8,Intro,Fire Continent,Water Continent,Nature Continent,Darkness Continent,Final Scenario,Other,BACK
scrpack.039.0406,39,406,80,4,Water Civilization Liberated,Rescue Yu Fua,Final Boss Defeated,BACK,,,,
scrpack.039.0413,39,413,112,8,Intro,Light Continent,Fire Continent,Water Continent,Nature Continent,Final Scenario,Other,BACK
scrpack.039.0416,39,416,80,4,Water Civilization Liberated,Rescue Yu Fua,Final Boss Defeated,BACK,,,,
scrpack.039.0423,39,423,116,8,Intro,Light Continent,Fire Continent,Nature Continent,Darkness Continent,Final Scenario,Other,BACK
scrpack.039.0426,39,426,80,4,Water Civilization Liberated,Rescue Yu Fua,Final Boss Defeated,BACK,,,,
scrpack.039.0433,39,433,116,8,Intro,Light Continent,Fire Continent,Water Continent,Darkness Continent,Final Scenario,Other,BACK
scrpack.039.0436,39,436,80,4,Water Civilization Liberated,Rescue Yu Fua,Final Boss Defeated,BACK,,,,
scrpack.041.0044,41,44,68,3,Check the Ground,Check Behind the Rocks,Check the Wall,,,,,
scrpack.041.0803,41,803,32,2,Keep Going,Go Back,,,,,,
scrpack.041.0891,41,891,20,2,Yes,No,,,,,,
scrpack.052.0122,52,122,16,1,Leave,,,,,,,
scrpack.053.0027,53,27,32,2,About This World,Back,,,,,,
scrpack.053.0030,53,30,76,4,About This World,Why I'm Here,About This World's People,Back,,,,
scrpack.053.0034,53,34,64,3,About the Evil Darkness Cards,How to Get Home,Back,,,,,
scrpack.053.0037,53,37,80,4,About the Armor,About the Evil Darkness Cards,How to Get Home,Back,,,,
scrpack.053.0040,53,40,52,3,About D.M. Cards,How to Get Home,Back,,,,,
scrpack.053.0043,53,43,88,4,About the Evil Darkness Cards,How to Get Home,How to Operate the Ruins,Back,,,,
scrpack.053.0632,53,632,32,2,Duel,Talk to Dr. Root,,,,,,
scrpack.053.1024,53,1024,48,2,Location of the Primordial Cards,Back,,,,,,
scrpack.053.1027,53,1027,76,3,Location of the Primordial Cards,About Benny's Whereabouts,Back,,,,,
scrpack.054.0125,54,125,16,1,Leave,,,,,,,
scrpack.055.0044,55,44,68,3,Check the Ground,Check Behind the Rocks,Check the Wall,,,,,
scrpack.055.0772,55,772,32,2,Keep Going,Go Back,,,,,,
scrpack.055.0860,55,860,20,2,Yes,No,,,,,,
scrpack.057.1269,57,1269,20,2,Yes,No,,,,,,
scrpack.058.0508,58,508,32,2,Rematch,Don't Rematch,,,,,,
scrpack.059.0049,59,49,16,1,Leave,,,,,,,
scrpack.059.0371,59,371,16,1,Leave,,,,,,,
scrpack.059.0499,59,499,16,1,Leave,,,,,,,
scrpack.060.0044,60,44,68,3,Check the Ground,Check Behind the Rocks,Check the Wall,,,,,
scrpack.060.0778,60,778,32,2,Keep Going,Go Back,,,,,,
scrpack.060.0857,60,857,20,2,Yes,No,,,,,,
scrpack.061.0044,61,44,68,3,Check the Ground,Check Behind the Rocks,Check the Wall,,,,,
scrpack.061.0809,61,809,32,2,Keep Going,Go Back,,,,,,
scrpack.061.0888,61,888,20,2,Yes,No,,,,,,
scrpack.062.4232,62,4232,20,2,Yes,No,,,,,,
scrpack.065.4251,65,4251,20,2,Yes,No,,,,,,
scrpack.067.4149,67,4149,20,2,Yes,No,,,,,,
scrpack.069.4311,69,4311,20,2,Yes,No,,,,,,
scrpack.071.4024,71,4024,20,2,Yes,No,,,,,,
scrpack.073.1106,73,1106,20,2,Yes,No,,,,,,
scrpack.076.0157,76,157,48,2,About GARDE's Goal,About the Savior,,,,,,
scrpack.076.0160,76,160,88,3,About the World's Crisis,What the Savior Must Do,About the Primordial Card,,,,,
scrpack.076.0163,76,163,76,4,What the Savior Must Do,About the Guardians,About Shori,Leave,,,,
scrpack.076.0172,76,172,56,3,About GARDE's Goal,About the Savior,Leave,,,,,
scrpack.076.0175,76,175,96,4,About the World's Crisis,What the Savior Must Do,About the Primordial Card,Leave,,,,
scrpack.077.0024,77,24,20,2,Yes,No,,,,,,
scrpack.077.4447,77,4447,16,1,Leave,,,,,,,
scrpack.077.4468,77,4468,16,1,Leave,,,,,,,
scrpack.077.4489,77,4489,16,1,Leave,,,,,,,
scrpack.077.4510,77,4510,16,1,Leave,,,,,,,
scrpack.079.0470,79,470,20,2,Yes,No,,,,,,
scrpack.079.0918,79,918,20,2,Yes,No,,,,,,
scrpack.079.1366,79,1366,20,2,Yes,No,,,,,,
scrpack.079.1986,79,1986,20,2,Yes,No,,,,,,
scrpack.080.0129,80,129,16,1,Leave,,,,,,,
scrpack.081.0028,81,28,56,4,About Dad!,About Dad!!,About Dad!!!,Back,,,,
scrpack.081.0031,81,31,32,2,About This World,Back,,,,,,
scrpack.081.0034,81,34,76,4,About This World,Why I'm Here,About This World's People,Back,,,,
scrpack.081.0037,81,37,60,4,About D.M. Cards,How to Get Home,About Dad,Back,,,,
scrpack.081.0041,81,41,60,4,About the Armor,How to Get Home,About Dad,Back,,,,
scrpack.081.0044,81,44,76,4,About the Armor,How to Get Home,How to Operate the Ruins,Back,,,,
scrpack.081.0985,81,985,48,2,Location of the Primordial Cards,Back,,,,,,
scrpack.081.0988,81,988,76,3,Location of the Primordial Cards,About Benny's Whereabouts,Back,,,,,
scrpack.082.0569,82,569,20,2,Yes,No,,,,,,
scrpack.084.0130,84,130,16,1,Leave,,,,,,,
scrpack.084.0175,84,175,16,1,Leave,,,,,,,
scrpack.085.0987,85,987,20,2,Yes,No,,,,,,
scrpack.086.0427,86,427,16,1,Leave,,,,,,,
scrpack.086.1734,86,1734,20,2,Yes,No,,,,,,
scrpack.087.0943,87,943,20,2,Yes,No,,,,,,
scrpack.088.0994,88,994,20,2,Yes,No,,,,,,
scrpack.091.0930,91,930,20,2,Yes,No,,,,,,
scrpack.092.0046,92,46,16,1,Leave,,,,,,,
scrpack.114.0098,114,98,72,4,About the Savior,About Hakuoh,I Want to See Hakuoh,Leave,,,,
scrpack.114.0101,114,101,72,4,About the Savior,About Hakuoh,Send Hakuoh a Message,Leave,,,,
scrpack.114.0341,114,341,20,2,Yes,No,,,,,,
scrpack.115.0540,115,540,20,2,Yes,No,,,,,,
scrpack.115.0931,115,931,20,2,Yes,No,,,,,,
scrpack.115.1520,115,1520,20,2,Yes,No,,,,,,
scrpack.115.2023,115,2023,20,2,Yes,No,,,,,,
scrpack.116.0183,116,183,60,2,About Hakuoh's Condition,Why Hakuoh Was Hidden,,,,,,
scrpack.116.0186,116,186,88,3,About Hakuoh's Condition,Why Hakuoh Was Hidden,About the True Four Guardians,,,,,
scrpack.116.1119,116,1119,20,2,Yes,No,,,,,,
scrpack.120.0124,120,124,48,3,Enter the Palace,Walk Around,Leave,,,,,
scrpack.120.0128,120,128,16,1,Leave,,,,,,,
scrpack.121.0128,121,128,16,1,Leave,,,,,,,
scrpack.121.0747,121,747,20,2,Yes,No,,,,,,
scrpack.121.1046,121,1046,20,2,Yes,No,,,,,,
scrpack.121.1067,121,1067,16,1,Leave,,,,,,,
scrpack.122.0029,122,29,60,3,About This World,About the Savior Legend,Back,,,,,
scrpack.122.0032,122,32,76,4,About This World,Why I'm Here,About This World's People,Back,,,,
scrpack.122.0035,122,35,76,4,About D.M. Cards,How to Get Home,About the Savior Legend,Back,,,,
scrpack.122.0038,122,38,76,4,About the Armor,How to Get Home,About the Savior Legend,Back,,,,
scrpack.122.0501,122,501,32,2,Duel,Talk to Dr. Root,,,,,,
scrpack.122.0711,122,711,48,2,Location of the Primordial Cards,Back,,,,,,
scrpack.122.0714,122,714,76,3,Location of the Primordial Cards,About Benny's Whereabouts,Back,,,,,
scrpack.123.0565,123,565,68,4,About W.F. Maki,About This World,About the Savior,Leave,,,,
scrpack.123.0569,123,569,84,4,About W.F. Maki,How to Read the World's Balance,About the Savior,Leave,,,,
scrpack.123.0573,123,573,80,4,About W.F. Maki,About This World,Shori Kirifuda's Whereabouts,Leave,,,,
scrpack.123.0576,123,576,96,4,About W.F. Maki,How to Read the World's Balance,Shori Kirifuda's Whereabouts,Leave,,,,
scrpack.123.1029,123,1029,52,3,About the Savior,About This World,Leave,,,,,
scrpack.123.1033,123,1033,68,3,About the Savior,How to Read the World's Balance,Leave,,,,,
scrpack.123.1037,123,1037,64,3,About This World,Shori Kirifuda's Whereabouts,Leave,,,,,
scrpack.123.1040,123,1040,80,3,How to Read the World's Balance,Shori Kirifuda's Whereabouts,Leave,,,,,
scrpack.126.0046,126,46,16,1,Leave,,,,,,,
scrpack.126.0320,126,320,16,1,Leave,,,,,,,
scrpack.127.0074,127,74,72,4,About the Savior,About Hakuoh,I Want to See Hakuoh,Leave,,,,
scrpack.127.0077,127,77,72,4,About the Savior,About Hakuoh,Send Hakuoh a Message,Leave,,,,
scrpack.127.0274,127,274,20,2,Yes,No,,,,,,
scrpack.128.0524,128,524,20,2,Yes,No,,,,,,
scrpack.128.0927,128,927,20,2,Yes,No,,,,,,
scrpack.128.1484,128,1484,20,2,Yes,No,,,,,,
scrpack.128.1975,128,1975,20,2,Yes,No,,,,,,
scrpack.129.0187,129,187,60,2,About Hakuoh's Condition,Why Hakuoh Was Hidden,,,,,,
scrpack.129.0190,129,190,88,3,About Hakuoh's Condition,Why Hakuoh Was Hidden,About the True Four Guardians,,,,,
scrpack.129.1100,129,1100,20,2,Yes,No,,,,,,
scrpack.130.0069,130,69,72,4,About the Savior,About Hakuoh,I Want to See Hakuoh,Leave,,,,
scrpack.130.0072,130,72,72,4,About the Savior,About Hakuoh,Send Hakuoh a Message,Leave,,,,
scrpack.130.0268,130,268,20,2,Yes,No,,,,,,
scrpack.131.0528,131,528,20,2,Yes,No,,,,,,
scrpack.131.0928,131,928,20,2,Yes,No,,,,,,
scrpack.131.1503,131,1503,20,2,Yes,No,,,,,,
scrpack.131.1997,131,1997,20,2,Yes,No,,,,,,
scrpack.132.0183,132,183,60,2,About Hakuoh's Condition,Why Hakuoh Was Hidden,,,,,,
scrpack.132.0186,132,186,88,3,About Hakuoh's Condition,Why Hakuoh Was Hidden,About the True Four Guardians,,,,,
scrpack.132.1081,132,1081,20,2,Yes,No,,,,,,
scrpack.133.0065,133,65,72,4,About the Savior,About Hakuoh,I Want to See Hakuoh,Leave,,,,
scrpack.133.0068,133,68,72,4,About the Savior,About Hakuoh,Send Hakuoh a Message,Leave,,,,
scrpack.133.0232,133,232,20,2,Yes,No,,,,,,
scrpack.134.0524,134,524,20,2,Yes,No,,,,,,
scrpack.134.0916,134,916,20,2,Yes,No,,,,,,
scrpack.134.1496,134,1496,20,2,Yes,No,,,,,,
scrpack.134.1985,134,1985,20,2,Yes,No,,,,,,
scrpack.135.0183,135,183,60,2,About Hakuoh's Condition,Why Hakuoh Was Hidden,,,,,,
scrpack.135.0186,135,186,88,3,About Hakuoh's Condition,Why Hakuoh Was Hidden,About the True Four Guardians,,,,,
scrpack.135.1076,135,1076,20,2,Yes,No,,,,,,
scrpack.137.0119,137,119,40,2,Master Version,Debug Version,,,,,,
scrpack.137.0392,137,392,116,8,Intro,Light Continent,Water Continent,Nature Continent,Darkness Continent,Final Scenario,Other,BACK
scrpack.137.0395,137,395,96,5,Water Civilization Liberated,Rescue Yu Fua,Great Teacher,Final Boss Defeated,BACK,,,
scrpack.137.0407,137,407,116,8,Intro,Fire Continent,Water Continent,Nature Continent,Darkness Continent,Final Scenario,Other,BACK
scrpack.137.0410,137,410,80,4,Water Civilization Liberated,Rescue Yu Fua,Final Boss Defeated,BACK,,,,
scrpack.137.0422,137,422,112,8,Intro,Light Continent,Fire Continent,Water Continent,Nature Continent,Final Scenario,Other,BACK
scrpack.137.0425,137,425,80,4,Water Civilization Liberated,Rescue Yu Fua,Final Boss Defeated,BACK,,,,
scrpack.137.0437,137,437,116,8,Intro,Light Continent,Fire Continent,Nature Continent,Darkness Continent,Final Scenario,Other,BACK
scrpack.137.0440,137,440,80,4,Water Civilization Liberated,Rescue Yu Fua,Final Boss Defeated,BACK,,,,
scrpack.137.0452,137,452,116,8,Intro,Light Continent,Fire Continent,Water Continent,Darkness Continent,Final Scenario,Other,BACK
scrpack.137.0455,137,455,80,4,Water Civilization Liberated,Rescue Yu Fua,Final Boss Defeated,BACK,,,,
scrpack.149.0863,149,863,20,2,Yes,No,,,,,,
scrpack.149.1254,149,1254,20,2,Yes,No,,,,,,
scrpack.149.1307,149,1307,20,2,Yes,No,,,,,,
scrpack.150.0659,150,659,20,2,Yes,No,,,,,,
scrpack.150.0770,150,770,20,2,Yes,No,,,,,,
scrpack.151.0041,151,41,16,1,Leave,,,,,,,
scrpack.151.0243,151,243,16,1,Leave,,,,,,,
scrpack.154.0138,154,138,16,1,Leave,,,,,,,
scrpack.154.0175,154,175,16,1,Leave,,,,,,,
scrpack.155.0127,155,127,16,1,Leave,,,,,,,
scrpack.155.0161,155,161,16,1,Leave,,,,,,,
scrpack.156.0030,156,30,84,4,About This World,About This World's People,Yu Fua's Whereabouts,Go Back,,,,
scrpack.156.0033,156,33,76,4,About the Armor,How to Get Home,Yu Fua's Whereabouts,Go Back,,,,
scrpack.156.0036,156,36,72,4,About D.M. Cards,Why I'm Here,Yu Fua's Whereabouts,Go Back,,,,
scrpack.156.0039,156,39,72,4,About the Mysterious Man,About Benny,Previous Menu,Go Back,,,,
scrpack.156.0730,156,730,36,2,About the Forest,Go Back,,,,,,
scrpack.156.0805,156,805,36,2,About the Forest,Go Back,,,,,,
scrpack.156.0880,156,880,36,2,About the Forest,Go Back,,,,,,
scrpack.156.0955,156,955,36,2,About the Forest,Go Back,,,,,,
scrpack.156.1174,156,1174,48,2,Location of the Primordial Cards,Back,,,,,,
scrpack.156.1177,156,1177,76,3,Location of the Primordial Cards,About Benny's Whereabouts,Back,,,,,
scrpack.158.0500,158,500,16,1,Leave,,,,,,,
scrpack.158.0961,158,961,16,1,Leave,,,,,,,
scrpack.158.1433,158,1433,16,1,Leave,,,,,,,
scrpack.158.1906,158,1906,16,1,Leave,,,,,,,
scrpack.158.2395,158,2395,16,1,Leave,,,,,,,
scrpack.159.0414,159,414,16,1,Leave,,,,,,,
scrpack.159.0826,159,826,16,1,Leave,,,,,,,
scrpack.159.1235,159,1235,16,1,Leave,,,,,,,
scrpack.159.1639,159,1639,16,1,Leave,,,,,,,
scrpack.159.2038,159,2038,16,1,Leave,,,,,,,
scrpack.160.0134,160,134,16,1,Leave,,,,,,,
scrpack.160.0278,160,278,16,1,Leave,,,,,,,
scrpack.160.0406,160,406,16,1,Leave,,,,,,,
scrpack.160.0534,160,534,16,1,Leave,,,,,,,
scrpack.160.0662,160,662,16,1,Leave,,,,,,,
scrpack.161.0172,161,172,36,2,Kachua,Inspiring Totem,,,,,,
scrpack.161.0495,161,495,16,1,Leave,,,,,,,
scrpack.161.0579,161,579,16,1,Leave,,,,,,,
scrpack.161.0890,161,890,16,1,Leave,,,,,,,
scrpack.161.0996,161,996,16,1,Leave,,,,,,,
scrpack.162.0129,162,129,16,1,Leave,,,,,,,
scrpack.162.0155,162,155,20,2,Yes,No,,,,,,
scrpack.163.1272,163,1272,20,2,Yes,No,,,,,,
scrpack.163.1852,163,1852,20,2,Yes,No,,,,,,
scrpack.163.2297,163,2297,20,2,Yes,No,,,,,,
scrpack.163.3183,163,3183,20,2,Yes,No,,,,,,
scrpack.164.1285,164,1285,20,2,Yes,No,,,,,,
scrpack.164.1883,164,1883,20,2,Yes,No,,,,,,
scrpack.164.2333,164,2333,20,2,Yes,No,,,,,,
scrpack.164.3224,164,3224,20,2,Yes,No,,,,,,
scrpack.165.1309,165,1309,20,2,Yes,No,,,,,,
scrpack.165.1916,165,1916,20,2,Yes,No,,,,,,
scrpack.165.2366,165,2366,20,2,Yes,No,,,,,,
scrpack.165.3262,165,3262,20,2,Yes,No,,,,,,
scrpack.166.1394,166,1394,20,2,Yes,No,,,,,,
scrpack.166.2037,166,2037,20,2,Yes,No,,,,,,
scrpack.166.2482,166,2482,20,2,Yes,No,,,,,,
scrpack.166.3372,166,3372,20,2,Yes,No,,,,,,
scrpack.178.0144,178,144,40,2,What Is Duel Masters?,Go Back,,,,,,
scrpack.178.0147,178,147,56,3,What Is Duel Masters?,Reading Cards,Go Back,,,,,
scrpack.178.0150,178,150,68,4,What Is Duel Masters?,Reading Cards,About Decks,Go Back,,,,
scrpack.182.0031,182,31,40,2,Setup / Untap / Draw,Go Back,,,,,,
scrpack.182.0034,182,34,56,3,Setup / Untap / Draw,Charge / Main,Go Back,,,,,
scrpack.182.0037,182,37,68,4,Setup / Untap / Draw,Charge / Main,Attack Step,Go Back,,,,
scrpack.186.0216,186,216,44,3,Basics,Advanced,Return to Title,,,,,
scrpack.186.0236,186,236,20,2,Yes,No,,,,,,
scrpack.186.0281,186,281,20,2,Yes,No,,,,,,
scrpack.186.0326,186,326,20,2,Yes,No,,,,,,
scrpack.186.0348,186,348,20,2,Yes,No,,,,,,
scrpack.188.0289,188,289,44,2,Talk to Mimi ←,Talk to Mimi →,,,,,,
scrpack.188.0502,188,502,40,2,Tell Mimi the Strategy,Leave,,,,,,
scrpack.188.1033,188,1033,20,2,Yes,No,,,,,,
scrpack.189.0127,189,127,40,3,Hideout,Walk Around,Leave,,,,,
scrpack.189.0131,189,131,16,1,Leave,,,,,,,
scrpack.189.0182,189,182,16,1,Leave,,,,,,,
scrpack.189.1039,189,1039,16,1,Leave,,,,,,,
scrpack.189.1124,189,1124,16,1,Leave,,,,,,,
scrpack.189.1146,189,1146,16,1,Leave,,,,,,,
scrpack.189.1200,189,1200,16,1,Leave,,,,,,,
scrpack.194.0024,194,24,20,2,Yes,No,,,,,,
scrpack.197.0125,197,125,16,1,Leave,,,,,,,
scrpack.198.0029,198,29,48,3,About This World,About Benny,Go Back,,,,,
scrpack.198.0032,198,32,76,4,About This World,Why I'm Here,About This World's People,Go Back,,,,
scrpack.198.0035,198,35,68,4,About D.M. Cards,How to Get Home,About Benny,Go Back,,,,
scrpack.198.0039,198,39,64,4,About the Armor,How to Get Home,About Benny,Go Back,,,,
scrpack.198.0876,198,876,48,2,Location of the Primordial Cards,Back,,,,,,
scrpack.198.0879,198,879,76,3,Location of the Primordial Cards,About Benny's Whereabouts,Back,,,,,
scrpack.199.1007,199,1007,20,2,Yes,No,,,,,,
scrpack.200.0917,200,917,20,2,Yes,No,,,,,,
scrpack.200.1204,200,1204,64,3,About GARDE's Goal,About the Primordial Card,Leave,,,,,
scrpack.200.1207,200,1207,84,4,About GARDE's Goal,About the Primordial Card,About Xenon Castle,Leave,,,,
scrpack.201.0289,201,289,44,2,Talk to Mimi ←,Talk to Mimi →,,,,,,
scrpack.201.0502,201,502,40,2,Tell Mimi the Strategy,Leave,,,,,,
scrpack.201.1029,201,1029,20,2,Yes,No,,,,,,
scrpack.202.0299,202,299,44,2,Talk to Mimi ←,Talk to Mimi →,,,,,,
scrpack.202.0504,202,504,40,2,Tell Mimi the Strategy,Leave,,,,,,
scrpack.202.1034,202,1034,20,2,Yes,No,,,,,,
scrpack.204.0351,204,351,72,3,Twilight Hell Fist,Twilight Hell Kick,Twilight Hell Thrust,,,,,
scrpack.204.0807,204,807,20,2,Yes,No,,,,,,
scrpack.204.1184,204,1184,20,2,Yes,No,,,,,,
scrpack.205.0612,205,612,20,2,Yes,No,,,,,,
scrpack.205.0639,205,639,20,2,Yes,No,,,,,,
scrpack.205.0910,205,910,20,2,Yes,No,,,,,,
scrpack.206.0042,206,42,16,1,Leave,,,,,,,
scrpack.206.0317,206,317,16,1,Leave,,,,,,,
scrpack.207.0352,207,352,44,2,Talk to Mimi ←,Talk to Mimi →,,,,,,
scrpack.207.0565,207,565,40,2,Tell Mimi the Strategy,Leave,,,,,,
scrpack.207.1091,207,1091,20,2,Yes,No,,,,,,
